00-0023459,Aaron,Rodgers,QB,3897,28,11,22,107,0,0,0,0,0,2
00-0024243,Marcedes,Lewis,TE,0,0,0,0,0,0,0,1,2,0,5
00-0026158,Joe,Flacco,QB,1761,12,7,9,26,0,1,0,0,0,9
00-0026300,Josh,Johnson,QB,17,0,0,4,1,0,0,0,0,0,11
00-0026498,Matthew,Stafford,QB,3762,20,8,30,41,0,2,0,0,0,12
00-0027973,Andy,Dalton,QB,989,7,6,11,34,0,0,0,0,0,27
00-0028118,Tyrod,Taylor,QB,119,3,0,3,13,0,1,0,0,0,28
00-0028872,Johnny,Hekker,P,0,0,0,0,0,0,0,0,0,0,35
00-0028899,Rodney,McLeod,FS,0,0,0,0,0,0,0,0,0,0,36
00-0029263,Russell,Wilson,QB,2482,16,5,43,155,2,2,0,0,0,42
00-0029604,Kirk,Cousins,QB,3508,18,16,23,0,0,5,0,0,0,48
00-0029692,Bryan,Anger,P,4,0,0,0,0,0,0,0,0,0,54
00-0029892,Kyle,Juszczyk,FB,0,0,0,5,26,1,1,19,200,2,58
00-0030035,Adam,Thielen,WR,0,0,0,0,0,0,0,48,615,5,61
00-0030061,Zach,Ertz,TE,0,0,0,0,0,0,0,66,654,7,62
00-0030279,Keenan,Allen,WR,0,0,1,0,0,0,0,70,744,7,73
00-0030431,Robert,Woods,WR,0,0,0,0,0,0,0,20,203,0,76
00-0030506,Travis,Kelce,TE,0,0,0,1,1,0,0,97,823,3,79
00-0030564,DeAndre,Hopkins,WR,0,0,0,0,0,0,0,56,610,5,81
00-0030565,Geno,Smith,QB,4320,21,15,53,272,2,4,0,0,0,82
00-0030578,Cordarrelle,Patterson,RB,0,0,0,32,135,0,1,12,80,1,83
00-0031235,Odell,Beckham,WR,0,0,0,0,0,0,0,9,55,0,100
00-0031236,Brandin,Cooks,WR,0,0,0,3,-3,0,0,26,259,3,101
00-0031280,Derek,Carr,QB,2145,15,5,17,71,1,1,0,0,0,107
00-0031299,Jordan,Matthews,TE,0,0,0,0,0,0,0,0,0,0,110
00-0031345,Jimmy,Garoppolo,QB,334,2,1,2,5,0,0,0,0,0,112
00-0031357,C.J.,Goodwin,CB,0,0,0,0,0,0,0,0,0,0,113
00-0031381,Davante,Adams,WR,0,0,0,0,0,0,0,85,1063,8,119
00-0031408,Mike,Evans,WR,0,0,0,0,0,0,0,74,1004,11,122
00-0031428,Allen,Robinson,WR,0,0,0,0,0,0,0,3,30,0,125
00-0031484,Chris,Manhertz,TE,0,0,0,0,0,0,0,3,30,1,126
00-0031503,Jameis,Winston,QB,2121,13,12,25,83,1,0,0,0,0,129
00-0031544,Amari,Cooper,WR,0,0,0,0,0,0,0,44,547,4,131
00-0031549,Nelson,Agholor,WR,0,0,0,0,0,0,0,14,231,2,133
00-0031585,MyCole,Pruitt,TE,0,0,0,0,0,0,0,6,40,1,145
00-0031588,Stefon,Diggs,WR,13,0,0,3,8,1,0,47,496,3,147
00-0031595,Michael,Burton,FB,0,0,0,7,8,1,0,10,65,1,148
00-0031687,Raheem,Mostert,RB,0,0,0,85,278,2,2,19,161,0,152
00-0031690,Eric,Tomlinson,TE,0,0,0,0,0,0,0,2,9,0,153
00-0031763,DeAndre,Carter,WR,0,0,0,0,0,0,0,9,72,0,156
00-0031800,Taylor,Heinicke,QB,28,0,0,2,20,0,0,0,0,0,159
00-0031941,Jamison,Crowder,WR,0,0,0,0,0,0,0,9,72,2,170
00-0032104,Ameer,Abdullah,RB,0,0,0,66,311,2,1,40,261,3,177
00-0032128,Chris,Conley,WR,0,0,0,0,0,0,0,6,76,0,181
00-0032141,Geoff,Swaim,TE,0,0,0,0,0,0,0,1,7,0,184
00-0032211,Tyler,Lockett,WR,0,0,0,0,0,0,0,49,600,2,196
00-0032268,Marcus,Mariota,QB,364,4,0,18,92,1,1,0,0,0,204
00-0032381,Taylor,Decker,T,0,0,0,0,0,0,0,0,0,0,210
00-0032385,Sterling,Shepard,WR,0,0,0,8,69,0,0,32,334,1,213
00-0032392,Austin,Hooper,TE,0,0,0,0,0,0,0,45,476,3,217
00-0032394,Nick,Vannett,TE,0,0,0,0,0,0,0,17,135,3,218
00-0032399,Miles,Killebrew,SS,0,0,0,0,0,0,0,0,0,0,221
00-0032434,Brandon,Allen,QB,199,1,2,3,4,0,0,0,0,0,228
00-0032464,Kalif,Raymond,WR,0,0,0,2,0,0,0,17,215,2,234
00-0032688,Robbie,Chosen,WR,0,0,0,0,0,0,0,1,5,0,245
00-0032764,Derrick,Henry,RB,0,0,0,325,1921,16,3,19,193,2,252
00-0032775,Demarcus,Robinson,WR,0,0,0,0,0,0,0,31,505,7,255
00-0032918,C.J.,Ham,FB,0,0,0,2,10,1,0,5,35,0,263
00-0032943,Riley,Dixon,P,3,0,0,0,0,0,0,0,0,0,267
00-0032950,Carson,Wentz,QB,118,0,0,3,0,0,0,0,0,0,268
00-0033009,Tyler,Boyd,WR,0,0,0,1,3,0,0,39,390,0,274
00-0033040,Tyreek,Hill,WR,0,0,0,8,53,0,0,81,959,6,278
00-0033045,Ezekiel,Elliott,RB,0,0,0,74,226,3,1,12,69,0,279
00-0033077,Dak,Prescott,QB,1978,11,8,13,54,1,0,0,0,0,291
00-0033090,Hunter,Henry,TE,0,0,0,0,0,0,0,66,674,2,294
00-0033106,Jared,Goff,QB,4629,37,12,35,56,0,0,1,7,1,298
00-0033110,Tyler,Higbee,TE,0,0,0,0,0,0,0,8,66,2,300
00-0033119,Jacoby,Brissett,QB,826,2,1,15,62,0,1,0,0,0,301
00-0033217,Mo,Alie-Cox,TE,0,0,0,0,0,0,0,12,147,1,309
00-0033246,Johnny,Mundt,TE,0,0,0,0,0,0,0,19,142,2,311
00-0033280,Christian,McCaffrey,RB,0,0,0,50,202,0,0,15,146,0,316
00-0033282,Curtis,Samuel,WR,0,0,0,5,14,0,0,31,253,1,318
00-0033288,George,Kittle,TE,0,0,0,0,0,0,0,78,1106,8,321
00-0033292,Trent,Taylor,WR,0,0,0,0,0,0,0,1,11,0,323
00-0033293,Aaron,Jones,RB,0,0,0,255,1138,5,3,51,408,2,324
00-0033307,Kendrick,Bourne,WR,0,0,0,1,6,0,0,28,305,1,330
00-0033319,Nick,Mullens,QB,38,0,0,3,-2,0,0,0,0,0,332
00-0033357,Taysom,Hill,TE,21,0,1,39,278,6,0,23,187,0,336
00-0033375,Tim,Patrick,WR,0,0,0,0,0,0,0,33,394,3,337
00-0033376,Patrick,Ricard,FB,0,0,0,0,0,0,0,3,22,1,338
00-0033439,Pharaoh,Brown,TE,0,0,0,0,0,0,0,8,65,0,343
00-0033460,John,Ross,WR,0,0,0,0,0,0,0,1,6,0,346
00-0033526,Samaje,Perine,RB,0,0,0,20,92,1,0,28,322,1,356
00-0033536,Mike,Williams,WR,0,0,0,0,0,0,0,21,298,1,357
00-0033537,Deshaun,Watson,QB,1148,5,3,31,148,1,2,0,0,0,358
00-0033553,James,Conner,RB,0,0,0,236,1094,8,2,47,414,1,366
00-0033555,Mack,Hollins,WR,0,0,0,0,0,0,0,31,378,5,367
00-0033557,Jalen,Reeves-Maybin,OLB,0,0,0,1,1,0,0,0,0,0,369
00-0033576,Eric,Saubert,TE,0,0,0,0,0,0,0,11,97,1,376
00-0033589,David,Moore,WR,0,0,0,1,0,0,0,32,351,3,379
00-0033591,Noah,Brown,WR,0,0,0,0,0,0,0,35,453,1,380
00-0033662,Cooper,Rush,QB,1844,12,5,26,18,0,7,0,0,0,383
00-0033699,Austin,Ekeler,RB,0,0,0,77,367,4,1,35,366,0,386
00-0033854,Dare,Ogunbowale,RB,0,0,0,30,112,0,0,19,198,1,401
00-0033857,JuJu,Smith-Schuster,WR,0,0,0,0,0,0,0,18,231,2,402
00-0033858,Jonnu,Smith,TE,0,0,0,2,-1,0,0,88,884,8,403
00-0033863,Dan,Skipper,T,0,0,0,0,0,0,0,1,9,1,406
00-0033869,Mitchell,Trubisky,QB,179,2,0,17,1,0,1,0,0,0,408
00-0033873,Patrick,Mahomes,QB,3928,26,11,58,307,2,1,1,2,0,411
00-0033881,Evan,Engram,TE,0,0,0,0,0,0,0,47,365,1,418
00-0033885,David,Njoku,TE,0,0,0,0,0,0,0,64,505,5,421
00-0033891,Zay,Jones,WR,0,0,0,0,0,0,0,8,84,0,426
00-0033893,Dalvin,Cook,RB,0,0,0,8,20,0,0,1,10,0,428
00-0033895,Gerald,Everett,TE,0,0,0,0,0,0,0,8,36,0,430
00-0033897,Joe,Mixon,RB,0,0,0,245,1016,11,0,36,309,1,431
00-0033906,Alvin,Kamara,RB,0,0,0,228,950,6,0,68,543,2,436
00-0033908,Cooper,Kupp,WR,0,0,0,2,10,0,0,67,710,6,438
00-0033921,Chris,Godwin,WR,0,0,0,1,2,0,0,50,576,5,444
00-0033923,Kareem,Hunt,RB,0,0,0,200,728,7,0,23,176,0,445
00-0033925,D'Onta,Foreman,RB,0,0,0,71,232,0,2,6,54,0,446
00-0033943,Josh,Reynolds,WR,0,0,0,0,0,0,0,13,194,1,455
00-0033948,Jamaal,Williams,RB,0,0,0,48,164,1,0,9,57,0,459
00-0033949,Joshua,Dobbs,QB,361,2,2,9,24,2,1,0,0,0,460
00-0033955,Jeremy,McNichols,RB,0,0,0,55,261,4,0,9,27,0,462
00-0034054,River,Cracraft,WR,0,0,0,0,0,0,0,7,66,0,468
00-0034073,Ross,Dwelley,TE,0,0,0,0,0,0,0,1,5,0,470
00-0034115,Jeffery,Wilson,RB,0,0,0,16,57,0,0,3,19,0,477
00-0034159,Will,Dissly,TE,0,0,0,0,0,0,0,50,481,2,482
00-0034162,J.K.,Scott,P,3,0,0,1,0,0,0,0,0,0,485
00-0034177,Tim,Boyle,QB,276,1,1,3,9,0,0,0,0,0,488
00-0034184,Gus,Edwards,RB,0,0,0,101,365,4,0,3,6,0,489
00-0034208,Mike,Boone,RB,0,0,0,13,51,0,0,1,-2,0,493
00-0034270,Tyler,Conklin,TE,0,0,0,1,0,0,0,51,449,4,502
00-0034272,Marquez,Valdes-Scantling,WR,0,0,0,1,4,0,0,19,411,4,503
00-0034348,Courtland,Sutton,WR,30,1,0,0,0,0,0,81,1081,8,525
00-0034351,Dallas,Goedert,TE,0,0,0,0,0,0,0,42,496,2,527
00-0034353,Anthony,Miller,WR,0,0,0,0,0,0,0,1,16,0,529
00-0034364,Jordan,Akins,TE,0,0,0,0,0,0,0,40,390,2,537
00-0034365,Ian,Thomas,TE,0,0,0,0,0,0,0,3,7,0,538
00-0034383,Dalton,Schultz,TE,0,0,0,0,0,0,0,53,532,2,550
00-0034386,Justin,Watson,WR,0,0,0,0,0,0,0,22,289,2,553
00-0034401,Mike,White,QB,28,0,0,0,0,0,0,0,0,0,561
00-0034407,Ray-Ray,McCloud,WR,0,0,0,10,79,0,0,62,686,1,563
00-0034418,Cedrick,Wilson,WR,21,1,0,0,0,0,0,20,211,1,568
00-0034419,Braxton,Berrios,WR,0,0,0,0,0,0,0,0,0,0,569
00-0034485,Jonathan,Owens,SS,0,0,0,0,0,0,0,0,0,0,587
00-0034487,Trent,Sherfield,WR,0,0,0,0,0,0,0,8,83,1,588
00-0034488,Tavierre,Thomas,CB,0,0,0,1,-2,0,0,0,0,0,589
00-0034521,Allen,Lazard,WR,0,0,0,0,0,0,0,37,530,6,597
00-0034571,Trenton,Scott,T,0,0,0,0,0,0,0,1,1,1,601
00-0034577,Kyle,Allen,QB,19,0,0,0,0,0,0,0,0,0,604
00-0034613,Tanner,Hudson,TE,0,0,0,1,1,0,0,19,154,1,607
00-0034646,Brandon,Powell,WR,0,0,0,0,0,0,0,7,71,0,611
00-0034753,Mark,Andrews,TE,0,0,0,4,5,0,0,55,673,11,633
00-0034771,Mason,Rudolph,QB,1530,9,9,25,106,1,3,0,0,0,642
00-0034775,Christian,Kirk,WR,0,0,0,0,0,0,0,27,379,1,645
00-0034777,D.J.,Chark,WR,0,0,0,0,0,0,0,4,31,1,646
00-0034791,Nick,Chubb,RB,0,0,0,102,332,3,1,5,31,1,654
00-0034796,Lamar,Jackson,QB,4172,41,4,139,915,4,6,0,0,0,657
00-0034798,Durham,Smythe,TE,0,0,0,0,0,0,0,9,53,0,659
00-0034827,D.J.,Moore,WR,0,0,0,14,75,0,0,98,966,6,672
00-0034829,Mike,Gesicki,TE,0,0,0,0,0,0,0,65,665,2,674
00-0034830,Hayden,Hurst,TE,0,0,0,0,0,0,0,8,73,0,675
00-0034834,Sam,Hubbard,DE,0,0,0,0,0,0,0,1,2,1,678
00-0034837,Calvin,Ridley,WR,0,0,0,8,55,1,1,64,1017,4,680
00-0034844,Saquon,Barkley,RB,0,0,0,345,2005,13,2,33,278,2,684
00-0034854,KhaDarel,Hodge,WR,0,0,0,0,0,0,0,7,131,1,686
00-0034855,Baker,Mayfield,QB,4500,41,16,60,378,3,7,0,0,0,687
00-0034857,Josh,Allen,QB,3731,28,6,102,531,12,0,0,0,0,689
00-0034860,Dante,Pettis,WR,0,0,0,0,0,0,0,12,120,1,691
00-0034869,Sam,Darnold,QB,4319,35,12,67,212,1,3,0,0,0,693
00-0034928,Steven,Sims,WR,0,0,0,1,0,0,0,0,0,0,698
00-0034959,Andrew,Beck,FB,0,0,0,0,0,0,0,0,0,0,705
00-0034960,Jakobi,Meyers,WR,0,0,0,2,23,0,0,87,1027,4,706
00-0034972,Alexander,Mattison,RB,0,0,0,132,420,4,1,36,294,1,711
00-0034974,Julian,Love,SS,0,0,0,1,2,0,0,0,0,0,713
00-0034975,Justice,Hill,RB,0,0,0,47,228,1,0,42,383,3,714
00-0034981,Foster,Moreau,TE,0,0,0,0,0,0,0,32,413,5,717
00-0035021,Ashton,Dulin,WR,0,0,0,5,45,0,0,2,67,1,729
00-0035100,Jake,Browning,QB,0,0,0,2,-2,0,0,0,0,0,742
00-0035125,Alec,Ingold,FB,0,0,0,10,17,1,2,11,96,0,748
00-0035140,Mecole,Hardman,WR,0,0,0,5,62,1,0,12,90,0,752
00-0035156,Jack,Fox,P,17,0,0,0,0,0,0,0,0,0,759
00-0035190,A.J.,Cole,P,34,0,0,0,0,0,0,0,0,0,766
00-0035208,Olamide,Zaccheaus,WR,0,0,0,1,8,0,0,45,506,3,769
00-0035216,Diontae,Johnson,WR,0,0,0,2,6,0,0,33,375,3,771
00-0035228,Kyler,Murray,QB,3851,21,11,78,572,5,4,0,0,0,775
00-0035229,T.J.,Hockenson,TE,0,0,0,0,0,0,0,41,455,0,776
00-0035243,Miles,Sanders,RB,0,0,0,55,205,2,0,24,148,1,789
00-0035249,Josh,Oliver,TE,0,0,0,0,0,0,0,22,258,3,794
00-0035250,Devin,Singletary,RB,0,0,0,113,437,4,2,21,119,0,795
00-0035261,Tony,Pollard,RB,0,0,0,260,1079,5,2,41,238,0,803
00-0035264,Jarrett,Stidham,QB,0,0,0,4,5,0,0,0,0,0,805
00-0035280,Jake,Bailey,P,0,0,0,1,0,0,0,0,0,0,815
00-0035289,Gardner,Minshew,QB,2013,9,10,19,58,0,2,0,0,0,818
00-0035298,Scott,Miller,WR,0,0,0,0,0,0,0,5,69,0,823
00-0035311,Myles,Gaskin,RB,0,0,0,3,-1,0,0,1,11,0,827
00-0035341,Trenton,Irwin,WR,0,0,0,0,0,0,0,3,15,0,835
00-0035406,Lil'Jordan,Humphrey,WR,0,0,0,0,0,0,0,31,293,1,854
00-0035500,Greg,Dortch,WR,0,0,0,5,31,0,1,37,342,3,871
00-0035535,Darius,Slayton,WR,0,0,0,2,17,0,0,39,573,2,879
00-0035537,Ty,Johnson,RB,0,0,0,41,213,1,0,18,284,3,880
00-0035544,Tom,Kennedy,WR,0,0,0,0,0,0,0,0,0,0,882
00-0035547,Joseph,Fortson,TE,0,0,0,0,0,0,0,1,5,0,883
00-0035567,Craig,Reynolds,RB,0,0,0,31,139,0,1,3,40,0,885
00-0035594,Travis,Homer,RB,0,0,0,6,23,0,0,3,11,0,890
00-0035602,Alex,Bachman,WR,0,0,0,0,0,0,0,3,31,0,891
00-0035628,D'Ernest,Johnson,RB,0,0,0,32,143,0,0,12,96,0,897
00-0035631,Drew,Sample,TE,0,0,0,1,-4,0,0,20,109,1,900
00-0035639,Parris,Campbell,WR,0,0,0,0,0,0,0,6,30,1,905
00-0035640,DK,Metcalf,WR,0,0,0,0,0,0,0,66,992,5,906
00-0035644,Noah,Fant,TE,0,0,0,0,0,0,0,48,500,1,909
00-0035659,Terry,McLaurin,WR,0,0,0,2,2,0,1,82,1096,13,916
00-0035662,Marquise,Brown,WR,0,0,0,0,0,0,0,9,91,0,917
00-0035676,A.J.,Brown,WR,0,0,0,0,0,0,0,67,1079,7,925
00-0035685,David,Montgomery,RB,3,1,0,185,775,12,2,36,341,0,931
00-0035689,Dawson,Knox,TE,0,0,0,0,0,0,0,22,311,1,935
00-0035700,Josh,Jacobs,RB,0,0,0,301,1329,15,4,36,342,1,943
00-0035704,Drew,Lock,QB,1071,6,5,18,133,2,1,0,0,0,947
00-0035710,Daniel,Jones,QB,2070,8,7,67,265,2,0,0,0,0,951
00-0035719,Deebo,Samuel,WR,0,0,0,42,136,1,0,51,670,3,955
00-0035795,James,Pierre,CB,0,0,0,0,0,0,0,0,0,0,964
00-0035806,Jamycal,Hasty,RB,0,0,0,20,69,0,0,10,59,1,966
00-0035860,Tony,Jones,RB,0,0,0,4,55,1,0,0,0,0,977
00-0035891,Cody,White,WR,0,0,0,0,0,0,0,2,44,0,984
00-0035924,Jonathan,Ward,RB,0,0,0,5,22,0,0,0,0,0,992
00-0035973,Patrick,Taylor,RB,0,0,0,39,183,1,0,3,25,0,1004
00-0035976,Dan,Chisena,WR,0,0,0,0,0,0,0,3,37,0,1005
00-0035993,Tyler,Huntley,QB,829,3,3,26,135,2,2,0,0,0,1008
00-0036037,Sam,Franklin,SS,0,0,0,0,0,0,0,0,0,0,1018
00-0036040,Juwan,Johnson,TE,0,0,0,0,0,0,0,50,548,3,1019
00-0036096,J.J.,Taylor,RB,0,0,0,10,44,0,0,2,0,0,1029
00-0036133,James,Proche,WR,0,0,0,0,0,0,0,3,21,0,1039
00-0036139,Rico,Dowdle,RB,0,0,0,235,1079,2,3,39,249,3,1040
00-0036158,J.K.,Dobbins,RB,0,0,0,195,905,9,0,32,153,0,1048
00-0036165,Isaiah,Hodgins,WR,0,0,0,0,0,0,0,2,12,0,1052
00-0036176,Mason,Kinsey,WR,0,0,0,0,0,0,0,2,17,0,1057
00-0036182,Nick,Westbrook-Ikhine,WR,0,0,0,0,0,0,0,32,497,9,1059
00-0036183,Kristian,Wilkerson,WR,0,0,0,0,0,0,0,2,18,1,1060
00-0036187,Reggie,Gilliam,FB,0,0,0,3,7,0,0,0,0,0,1061
00-0036196,Gabe,Davis,WR,0,0,0,0,0,0,0,20,239,2,1065
00-0036212,Tua,Tagovailoa,QB,2867,19,7,17,49,0,3,0,0,0,1073
00-0036223,Jonathan,Taylor,RB,0,0,0,303,1431,11,2,18,136,1,1082
00-0036232,Harrison,Bryant,TE,0,0,0,0,0,0,0,9,86,0,1086
00-0036244,Colby,Parkinson,TE,0,0,0,0,0,0,0,30,294,1,1093
00-0036251,Zack,Moss,RB,0,0,0,74,242,2,2,23,187,1,1099
00-0036252,Michael,Pittman,WR,0,0,0,0,0,0,0,69,808,3,1100
00-0036254,Collin,Johnson,WR,0,0,0,0,0,0,0,1,6,0,1102
00-0036259,Jauan,Jennings,WR,0,0,0,0,0,0,0,77,975,6,1106
00-0036261,Brandon,Aiyuk,WR,0,0,0,0,0,0,0,25,374,0,1108
00-0036264,Jordan,Love,QB,3389,25,11,25,83,1,3,0,0,0,1110
00-0036268,Laviska,Shenault,WR,0,0,0,1,1,0,0,5,36,0,1114
00-0036275,D'Andre,Swift,RB,0,0,0,253,959,6,1,42,386,0,1120
00-0036290,Cole,Kmet,TE,0,0,0,0,0,0,0,47,474,4,1132
00-0036297,Darrynton,Evans,RB,0,0,0,3,3,0,0,0,0,0,1138
00-0036309,Darnell,Mooney,WR,0,0,0,0,0,0,0,64,992,5,1147
00-0036322,Justin,Jefferson,WR,22,0,0,1,3,0,0,103,1533,10,1156
00-0036328,Antonio,Gibson,RB,0,0,0,120,538,1,2,23,206,0,1161
00-0036329,Ashtyn,Davis,SS,0,0,0,1,21,0,0,0,0,0,1162
00-0036331,Devin,Duvernay,WR,0,0,0,4,3,0,0,11,79,0,1163
00-0036332,Josiah,Deguara,TE,0,0,0,0,0,0,0,3,14,0,1164
00-0036345,K.J.,Osborn,WR,0,0,0,0,0,0,0,7,57,1,1176
00-0036355,Justin,Herbert,QB,3870,23,3,69,306,2,2,0,0,0,1183
00-0036358,CeeDee,Lamb,WR,0,0,0,14,70,0,0,101,1194,6,1185
00-0036360,Clyde,Edwards-Helaire,RB,0,0,0,13,46,0,0,3,24,0,1186
00-0036370,Joshua,Kelley,RB,0,0,0,1,2,0,0,0,0,0,1194
00-0036387,Jalen,Reagor,WR,0,0,0,3,-3,0,0,7,100,0,1204
00-0036389,Jalen,Hurts,QB,2903,18,5,150,630,14,4,0,0,0,1206
00-0036407,Jerry,Jeudy,WR,0,0,0,0,0,0,0,90,1229,4,1220
00-0036410,Tee,Higgins,WR,0,0,0,0,0,0,0,73,911,10,1223
00-0036414,Cam,Akers,RB,0,0,0,104,444,2,1,14,68,3,1227
00-0036415,Van,Jefferson,WR,0,0,0,0,0,0,0,24,276,2,1228
00-0036422,Adam,Trautman,TE,0,0,0,0,0,0,0,13,188,2,1235
00-0036425,DeeJay,Dallas,RB,0,0,0,9,49,0,0,3,11,1,1237
00-0036427,Tyler,Johnson,WR,0,0,0,0,0,0,0,26,291,1,1238
00-0036429,Charlie,Woerner,TE,0,0,0,0,0,0,0,7,46,0,1240
00-0036438,Stephen,Sullivan,TE,0,0,0,0,0,0,0,0,0,0,1245
00-0036442,Joe,Burrow,QB,4918,43,9,42,201,2,2,0,0,0,1248
00-0036450,Ke'Shawn,Vaughn,RB,0,0,0,2,4,0,0,0,0,0,1252
00-0036463,Chris,Blair,WR,0,0,0,0,0,0,0,1,17,0,1254
00-0036497,Tim,Jones,WR,0,0,0,0,0,0,0,3,41,0,1263
00-0036510,Kenny,Yeboah,TE,0,0,0,0,0,0,0,5,47,1,1270
00-0036527,D.J.,Turner,WR,0,0,0,5,33,1,0,16,158,1,692
00-0036534,Shane,Zylstra,TE,0,0,0,0,0,0,0,1,22,0,1274
00-0036550,Rashod,Bateman,WR,0,0,0,0,0,0,0,45,756,9,1279
00-0036554,Nico,Collins,WR,0,0,0,0,0,0,0,68,1006,7,1283
00-0036555,Chuba,Hubbard,RB,0,0,0,250,1195,10,1,43,171,1,1284
00-0036556,Brevin,Jordan,TE,0,0,0,0,0,0,0,2,7,0,1285
00-0036563,Deommodore,Lenoir,CB,0,0,0,0,0,0,0,0,0,0,1291
00-0036590,Quintin,Morris,TE,0,0,0,0,0,0,0,5,36,1,1304
00-0036613,Jaylen,Waddle,WR,0,0,0,4,12,0,0,58,744,2,1311
00-0036620,D'Wayne,Eskridge,WR,0,0,0,0,0,0,0,3,44,0,1318
00-0036626,Dyami,Brown,WR,0,0,0,3,26,0,0,30,308,1,1324
00-0036628,John,Bates,TE,0,0,0,0,0,0,0,8,84,0,1326
00-0036630,Tylan,Wallace,WR,0,0,0,0,0,0,0,11,193,1,1328
00-0036635,Ihmir,Smith-Marsette,WR,0,0,0,0,0,0,0,0,0,0,1332
00-0036637,Noah,Gray,TE,0,0,0,1,-4,0,0,40,437,5,1334
00-0036640,Zach,Davidson,TE,0,0,0,0,0,0,0,1,5,0,1336
00-0036646,Simi,Fehoko,WR,0,0,0,0,0,0,0,6,106,0,1341
00-0036670,Jermar,Jefferson,RB,0,0,0,6,22,0,0,1,10,0,1359
00-0036727,Adam,Prentice,FB,0,0,0,0,0,0,0,0,0,0,1377
00-0036741,Jack,Stoll,TE,0,0,0,0,0,0,0,2,10,0,1380
00-0036754,Brock,Wright,TE,0,0,0,0,0,0,0,13,100,2,1382
00-0036825,Feleipe,Franks,TE,0,0,0,0,0,0,0,1,12,0,1395
00-0036841,Austin,Trammell,WR,0,0,0,0,0,0,0,2,40,0,1399
00-0036842,Kene,Nwangwu,RB,0,0,0,0,0,0,0,0,0,0,1400
00-0036849,Tutu,Atwell,WR,0,0,0,2,7,0,0,42,562,0,1404
00-0036862,Ben,Skowronek,WR,0,0,0,0,0,0,0,5,69,0,1415
00-0036875,Rhamondre,Stevenson,RB,0,0,0,207,801,7,6,33,168,1,1425
00-0036876,Kylen,Granson,TE,0,0,0,0,0,0,0,14,182,0,1426
00-0036877,Jaelon,Darden,WR,0,0,0,0,0,0,0,1,6,0,1427
00-0036880,Penei,Sewell,T,0,0,0,0,0,0,0,0,0,0,1430
00-0036887,Luke,Farrell,TE,0,0,0,0,0,0,0,12,67,0,1436
00-0036893,Najee,Harris,RB,0,0,0,263,1043,6,0,36,283,0,1439
00-0036894,Pat,Freiermuth,TE,0,0,0,0,0,0,0,65,653,7,1440
00-0036898,Davis,Mills,QB,212,0,0,3,11,0,0,0,0,0,1444
00-0036900,Ja'Marr,Chase,WR,0,0,0,3,32,0,0,127,1708,17,1446
00-0036906,Khalil,Herbert,RB,0,0,0,36,130,1,0,10,25,0,1452
00-0036912,DeVonta,Smith,WR,0,0,0,1,1,0,0,68,833,8,1455
00-0036913,Kadarius,Toney,WR,0,0,0,2,-4,0,0,0,0,0,1456
00-0036919,Kenneth,Gainwell,RB,0,0,0,75,290,1,0,16,116,0,1462
00-0036924,Michael,Carter,RB,0,0,0,35,131,1,0,11,57,0,1466
00-0036928,Kyle,Trask,QB,5,0,0,5,-4,0,0,0,0,0,1469
00-0036945,Justin,Fields,QB,1106,5,1,62,289,5,4,0,0,0,1485
00-0036955,Terrace,Marshall,WR,0,0,0,0,0,0,0,3,41,0,1493
00-0036963,Amon-Ra,St.Brown,WR,7,1,0,2,6,0,0,115,1263,12,1499
00-0036970,Kyle,Pitts,TE,0,0,0,0,0,0,0,47,602,4,1504
00-0036971,Trevor,Lawrence,QB,2045,11,7,26,119,3,0,0,0,0,1505
00-0036972,Mac,Jones,QB,1672,8,8,28,92,1,1,0,0,0,1506
00-0036973,Travis,Etienne,RB,0,0,0,150,558,2,1,39,254,0,1507
00-0036980,Elijah,Moore,WR,0,0,0,1,1,0,0,61,538,1,1514
00-0036984,Trey,Sermon,RB,0,0,0,56,159,2,0,16,99,0,1518
00-0036988,Josh,Palmer,WR,0,0,0,0,0,0,0,39,584,1,1522
00-0036990,Divine,Deablo,MLB,0,0,0,0,0,0,0,1,34,0,1524
00-0036997,Javonte,Williams,RB,0,0,0,139,513,4,2,52,346,0,1530
00-0037004,Hunter,Long,TE,0,0,0,0,0,0,0,7,60,0,1537
00-0037005,Tommy,Tremble,TE,0,0,0,0,0,0,0,23,234,2,1538
00-0037012,Trey,Lance,QB,266,0,1,11,41,0,0,0,0,0,1545
00-0037077,Sam,Howell,QB,24,0,1,1,2,0,0,0,0,0,1565
00-0037085,Tyler,Badie,RB,0,0,0,11,86,0,0,3,-2,0,1573
00-0037086,Grant,Calcaterra,TE,0,0,0,0,0,0,0,24,298,1,1574
00-0037091,Bo,Melton,WR,0,0,0,8,54,0,0,8,91,0,1577
00-0037093,Dareke,Young,WR,0,0,0,0,0,0,0,0,0,0,1579
00-0037120,Tyler,Goodson,RB,0,0,0,32,153,1,0,11,61,1,1588
00-0037129,Josh,Blackwell,CB,0,0,0,0,0,0,0,0,0,0,1590
00-0037132,Britain,Covey,WR,0,0,0,0,0,0,0,7,34,0,1592
00-0037156,Irvin,Charles,WR,0,0,0,0,0,0,0,0,0,0,1601
00-0037197,Isiah,Pacheco,RB,0,0,0,83,310,1,0,12,79,0,1618
00-0037207,Mike,Caliendo,G,0,0,0,0,0,0,0,1,5,0,1622
00-0037216,Justyn,Ross,WR,0,0,0,0,0,0,0,0,0,0,1626
00-0037228,Jaylen,Warren,RB,0,0,0,120,511,1,1,38,310,0,1630
00-0037231,Kevin,Austin,WR,0,0,0,1,9,0,0,11,151,0,1632
00-0037238,Drake,London,WR,0,0,0,1,-3,0,0,100,1271,9,1637
00-0037239,Chris,Olave,WR,0,0,0,1,7,0,0,32,400,1,1638
00-0037240,Jameson,Williams,WR,0,0,0,11,61,1,0,58,1001,7,1639
00-0037243,Tyler,Smith,G,0,0,0,0,0,0,0,1,0,0,1642
00-0037247,George,Pickens,WR,0,0,0,2,-6,0,0,59,900,3,1646
00-0037248,James,Cook,RB,0,0,0,207,1009,16,1,32,258,2,1647
00-0037252,Greg,Dulcich,TE,0,0,0,0,0,0,0,5,28,0,1651
00-0037253,Marcus,Jones,CB,0,0,0,1,5,0,0,1,18,0,1652
00-0037256,Rachaad,White,RB,0,0,0,144,613,3,2,51,393,6,1655
00-0037257,David,Bell,WR,0,0,0,0,0,0,0,3,27,0,1656
00-0037258,Dameon,Pierce,RB,0,0,0,40,293,2,1,2,2,0,1657
00-0037261,Khalil,Shakir,WR,0,0,0,2,4,0,0,76,821,4,1660
00-0037263,Tyler,Allgeier,RB,0,0,0,137,644,3,0,13,88,0,1662
00-0037267,Jerome,Ford,RB,0,0,0,104,565,3,0,37,225,0,1666
00-0037276,Ty,Chandler,RB,0,0,0,56,182,0,0,6,42,0,1675
00-0037287,Vederian,Lowe,T,0,0,0,0,0,0,0,1,4,1,1686
00-0037291,Jalen,Nailor,WR,0,0,0,3,-4,0,0,28,414,6,1689
00-0037292,Andrew,Ogletree,TE,0,0,0,0,0,0,0,9,109,1,1690
00-0037300,Mike,Woods,WR,0,0,0,0,0,0,0,7,65,0,1698
00-0037304,Connor,Heyward,TE,0,0,0,0,0,0,0,6,40,1,1702
00-0037306,John,FitzPatrick,TE,0,0,0,0,0,0,0,1,2,0,1704
00-0037324,Chris,Oladokun,QB,0,0,0,1,5,0,0,0,0,0,1721
00-0037327,Skylar,Thompson,QB,187,0,0,1,4,0,0,0,0,0,1723
00-0037348,Tanner,Conner,WR,0,0,0,0,0,0,0,3,16,0,1733
00-0037382,Brandon,Johnson,WR,0,0,0,0,0,0,0,1,9,0,1746
00-0037422,Kendric,Pryor,WR,0,0,0,0,0,0,0,1,9,0,1765
00-0037429,Raheem,Blackshear,RB,0,0,0,15,80,0,0,0,0,0,1767
00-0037450,Tyreik,McAllister,RB,0,0,0,2,11,0,0,0,0,0,1772
00-0037475,Stone,Smartt,TE,0,0,0,0,0,0,0,16,208,0,1782
00-0037487,Deven,Thompkins,WR,0,0,0,2,7,0,0,4,20,0,1786
00-0037491,J.J.,Russell,ILB,0,0,0,0,0,0,0,0,0,0,1787
00-0037509,Sincere,McCormick,RB,0,0,0,39,183,0,0,6,29,0,1795
00-0037524,Tay,Martin,WR,0,0,0,0,0,0,0,1,49,1,1801
00-0037525,Jordan,Mason,RB,0,0,0,153,789,3,3,11,91,0,1802
00-0037539,Lucas,Krull,TE,0,0,0,0,0,0,0,19,152,0,1808
00-0037545,Rashid,Shaheed,WR,0,0,0,6,29,0,0,20,349,3,1811
00-0037557,Ronnie,Rivers,RB,0,0,0,22,99,0,0,5,34,0,1815
00-0037569,Peyton,Hendershot,TE,0,0,0,0,0,0,0,5,51,0,1819
00-0037578,Juanyeh,Thomas,FS,0,0,0,0,0,0,0,1,4,0,1824
00-0037594,Julius,Chestnut,RB,0,0,0,22,102,0,0,2,11,0,1832
00-0037609,Aaron,Shampklin,RB,0,0,0,6,17,0,0,0,0,0,1841
00-0037614,John,Metchie,WR,0,0,0,0,0,0,0,24,254,1,1846
00-0037617,Hassan,Haskins,RB,0,0,0,34,89,2,1,3,49,1,1849
00-0037654,Tucker,Fisk,TE,0,0,0,0,0,0,0,7,39,0,1859
00-0037664,Alec,Pierce,WR,0,0,0,0,0,0,0,37,824,7,1864
00-0037666,Jalen,Tolbert,WR,0,0,0,0,0,0,0,49,610,7,1866
00-0037740,Garrett,Wilson,WR,0,0,0,2,5,0,0,101,1104,7,1874
00-0037741,Jahan,Dotson,WR,0,0,0,1,13,0,0,19,216,0,1875
00-0037742,Treylon,Burks,WR,0,0,0,2,1,0,0,4,34,0,1876
00-0037744,Trey,McBride,TE,0,0,0,1,2,1,0,111,1146,2,1878
00-0037745,Velus,Jones,RB,0,0,0,3,11,0,0,1,8,0,1879
00-0037746,Brian,Robinson,RB,0,0,0,187,799,8,2,20,159,0,1880
00-0037801,Kavontae,Turpin,WR,0,0,0,16,92,0,1,31,420,2,1893
00-0037805,Jeremy,Ruckert,TE,0,0,0,0,0,0,0,18,105,0,1895
00-0037809,Chigoziem,Okonkwo,TE,0,0,0,1,17,0,0,52,479,2,1898
00-0037816,Romeo,Doubs,WR,0,0,0,0,0,0,0,46,601,4,1905
00-0037827,Tyrion,Davis-Price,RB,0,0,0,3,7,0,0,0,0,0,1914
00-0037834,Brock,Purdy,QB,3864,20,12,66,323,5,2,0,0,0,1921
00-0037837,Calvin,Austin,WR,0,0,0,0,0,0,0,36,548,4,1924
00-0037838,Isaiah,Likely,TE,0,0,0,0,0,0,0,42,477,6,1925
00-0037840,Kyren,Williams,RB,0,0,0,316,1299,14,5,34,182,2,1927
00-0038040,Zamir,White,RB,0,0,0,65,183,1,2,6,30,0,1936
00-0038041,Jake,Ferguson,TE,0,0,0,0,0,0,0,59,494,0,1937
00-0038046,Charlie,Kolar,TE,0,0,0,1,2,0,0,9,131,1,1941
00-0038090,Skyy,Moore,WR,0,0,0,0,0,0,0,0,0,0,1943
00-0038092,Erik,Ezukanma,WR,0,0,0,0,0,0,0,0,0,0,1945
00-0038098,Pierre,Strong,RB,0,0,0,26,108,0,0,14,104,0,1951
00-0038102,Kenny,Pickett,QB,291,2,1,9,15,1,0,0,0,0,1955
00-0038104,Tyquan,Thornton,WR,0,0,0,0,0,0,0,4,47,0,1957
00-0038108,Bailey,Zappe,QB,170,1,2,2,2,0,0,0,0,0,1961
00-0038115,Daniel,Bellinger,TE,0,0,0,0,0,0,0,14,125,0,1966
00-0038117,Wan'Dale,Robinson,WR,0,0,0,3,18,0,0,93,699,3,2536
00-0038120,Breece,Hall,RB,0,0,0,209,876,5,5,57,483,3,1971
00-0038122,Desmond,Ridder,QB,458,2,2,9,36,0,1,0,0,0,1973
00-0038123,Dane,Belton,SS,0,0,0,1,10,0,0,0,0,0,1974
00-0038124,Christian,Watson,WR,0,0,0,4,23,0,0,29,620,2,1975
00-0038128,Malik,Willis,QB,550,3,0,20,138,1,0,0,0,0,1978
00-0038129,Cade,Otton,TE,0,0,0,1,-4,0,0,59,600,4,1979
00-0038134,Kenneth,Walker,RB,0,0,0,153,573,7,1,46,299,1,1984
00-0038359,Xavier,Smith,WR,0,0,0,4,36,0,0,2,6,0,2005
00-0038393,Dontayvion,Wicks,WR,0,0,0,0,0,0,0,39,415,5,2020
00-0038394,Will,Mallory,TE,0,0,0,0,0,0,0,4,29,0,2021
00-0038396,Eric,Gray,RB,0,0,0,14,31,0,1,10,82,0,2023
00-0038400,Tanner,McKee,QB,323,4,0,5,-1,0,0,0,0,0,2027
00-0038416,Tyson,Bagent,QB,11,0,0,6,-7,0,0,0,0,0,2042
00-0038454,Keaton,Mitchell,RB,0,0,0,15,30,0,0,1,28,0,2054
00-0038465,Malik,Heath,WR,0,0,0,0,0,0,0,10,97,2,2062
00-0038476,Tommy,DeVito,QB,257,0,0,8,32,0,0,0,0,0,2068
00-0038477,Bryce,Ford-Wheaton,WR,0,0,0,0,0,0,0,0,0,0,2069
00-0038489,Ben,VanSumeren,ILB,0,0,0,0,0,0,0,1,0,0,2079
00-0038496,Xavier,Gipson,WR,0,0,0,1,5,0,0,6,39,1,2085
00-0038498,E.J.,Jenkins,TE,0,0,0,0,0,0,0,1,7,1,2086
00-0038507,Grant,DuBose,WR,0,0,0,0,0,0,0,2,11,0,2093
00-0038519,Nikko,Remigio,WR,0,0,0,0,0,0,0,2,48,0,2099
00-0038542,Bijan,Robinson,RB,0,0,0,304,1456,14,1,61,431,1,2109
00-0038543,Jaxon,Smith-Njigba,WR,35,0,0,5,26,0,0,100,1130,6,2110
00-0038544,Quentin,Johnston,WR,0,0,0,3,6,0,0,55,711,8,2111
00-0038547,Luke,Schoonmaker,TE,0,0,0,0,0,0,0,27,241,1,2114
00-0038550,Hendon,Hooker,QB,62,0,0,5,2,0,0,0,0,0,2117
00-0038551,Kendre,Miller,RB,0,0,0,39,148,1,0,5,33,0,2118
00-0038555,Tank,Bigsby,RB,0,0,0,168,766,7,3,7,54,0,2122
00-0038558,Darnell,Washington,TE,0,0,0,0,0,0,0,19,200,1,2125
00-0038559,Michael,Wilson,WR,0,0,0,1,7,0,0,47,548,4,2126
00-0038563,Tre,Tucker,WR,0,0,0,9,44,1,0,47,539,3,2130
00-0038573,Derius,Davis,WR,0,0,0,12,39,0,0,13,112,2,2140
00-0038576,Charlie,Jones,WR,0,0,0,0,0,0,0,1,5,0,2143
00-0038579,Aidan,O'Connell,QB,1612,8,4,21,30,1,2,0,0,0,2146
00-0038582,Clayton,Tune,QB,8,0,0,7,-4,0,1,0,0,0,2149
00-0038583,Dorian,Thompson-Robinson,QB,440,0,6,21,122,0,1,0,0,0,2150
00-0038589,Josh,Whyle,TE,0,0,0,0,0,0,0,28,248,1,2156
00-0038597,Chase,Brown,RB,0,0,0,229,990,7,2,54,360,4,2164
00-0038606,Parker,Washington,WR,0,0,0,0,0,0,0,32,390,3,1671
00-0038608,Kayshon,Boutte,WR,0,0,0,0,0,0,0,43,589,3,2175
00-0038611,Chris,Rodriguez,RB,0,0,0,35,173,2,0,1,12,0,2178
00-0038614,Scott,Matlock,FB,0,0,0,0,0,0,0,4,28,0,2181
00-0038618,Xavier,Hutchinson,WR,0,0,0,0,0,0,0,12,117,0,2185
00-0038619,Andrei,Iosivas,WR,0,0,0,0,0,0,0,36,479,6,2186
00-0038621,Demario,Douglas,WR,0,0,0,3,16,0,0,66,621,3,2188
00-0038622,Deuce,Vaughn,RB,0,0,0,17,70,0,0,3,18,0,2189
00-0038636,Kenny,McIntosh,RB,0,0,0,31,172,0,0,3,22,0,2202
00-0038640,Jalen,Brooks,WR,0,0,0,0,0,0,0,12,177,1,2205
00-0038643,Brayden,Willis,TE,0,0,0,0,0,0,0,0,0,0,2208
00-0038647,Ronnie,Bell,WR,0,0,0,0,0,0,0,2,22,0,2212
00-0038678,Jordan,Mims,RB,0,0,0,20,70,0,0,12,71,0,2233
00-0038679,Tyrell,Shavers,WR,0,0,0,0,0,0,0,1,69,1,2234
00-0038685,Christopher,Brooks,RB,0,0,0,36,183,1,0,11,69,0,2239
00-0038705,Emari,Demercado,RB,0,0,0,24,223,1,0,16,104,0,2245
00-0038710,Blake,Whiteheart,TE,0,0,0,0,0,0,0,6,51,1,2247
00-0038720,Julian,Hill,TE,0,0,0,0,0,0,0,12,100,0,2255
00-0038738,Hunter,Luepke,FB,0,0,0,12,38,0,0,12,111,0,2268
00-0038752,Jake,Bobo,WR,0,0,0,0,0,0,0,13,107,1,2273
00-0038783,Nate,Adkins,TE,0,0,0,0,0,0,0,14,115,3,2288
00-0038794,Jaleel,McLaughlin,RB,0,0,0,113,496,1,0,24,76,2,2294
00-0038797,Emanuel,Wilson,RB,0,0,0,103,502,4,0,11,48,1,2297
00-0038809,Ben,Sims,TE,0,0,0,0,0,0,0,4,42,0,2304
00-0038821,Rakim,Jarrett,WR,0,0,0,0,0,0,0,9,124,0,2313
00-0038824,Ryan,Miller,WR,0,0,0,0,0,0,0,12,128,2,2315
00-0038840,Brycen,Tremayne,WR,0,0,0,0,0,0,0,1,-2,0,2322
00-0038920,John,Samuel,TE,0,0,0,0,0,0,0,1,7,0,2367
00-0038933,Dalton,Kincaid,TE,0,0,0,0,0,0,0,44,448,2,2373
00-0038935,Brenton,Strange,TE,0,0,0,0,0,0,0,40,411,2,2375
00-0038938,Jalin,Hyatt,WR,0,0,0,0,0,0,0,8,62,0,2378
00-0038941,Tyler,Scott,WR,0,0,0,0,0,0,0,1,5,0,2381
00-0038951,Sean,Tucker,RB,0,0,0,50,308,2,1,9,109,1,2384
00-0038976,Marvin,Mims,WR,0,0,0,13,42,0,0,39,503,6,2394
00-0038977,Tank,Dell,WR,0,0,0,9,43,0,0,51,667,3,2395
00-0038979,Cedric,Tillman,WR,0,0,0,1,-5,0,0,29,339,3,2397
00-0038981,Wanya,Morris,T,0,0,0,0,0,0,0,1,1,1,2399
00-0038994,Jordan,Addison,WR,0,0,0,3,20,1,0,63,875,9,2405
00-0038996,Tucker,Kraft,TE,0,0,0,3,6,0,0,50,707,7,2407
00-0038997,Josh,Downs,WR,0,0,0,1,-1,0,0,72,803,5,2408
00-0038998,Jake,Haener,QB,226,1,1,11,22,0,0,0,0,0,2409
00-0039021,Roschon,Johnson,RB,0,0,0,55,150,6,0,16,104,0,2427
00-0039032,Tyjae,Spears,RB,0,0,0,84,312,4,0,30,224,1,2432
00-0039040,Devon,Achane,RB,0,0,0,203,907,6,0,78,592,6,2435
00-0039041,Elijah,Higgins,TE,0,0,0,0,0,0,0,20,172,2,2436
00-0039050,Payne,Durham,TE,0,0,0,0,0,0,0,11,115,2,2442
00-0039052,Trey,Palmer,WR,0,0,0,0,0,0,0,12,172,1,2444
00-0039062,Jonathan,Mingo,WR,0,0,0,2,5,0,1,17,167,0,2451
00-0039064,Zay,Flowers,WR,0,0,0,9,56,0,0,74,1059,4,2453
00-0039065,Sam,LaPorta,TE,0,0,0,0,0,0,0,60,726,7,2454
00-0039066,Michael,Mayer,TE,0,0,0,0,0,0,0,21,156,0,2455
00-0039067,Rashee,Rice,WR,0,0,0,1,1,0,0,24,288,2,2456
00-0039074,Davis,Allen,TE,0,0,0,0,0,0,0,6,39,0,2462
00-0039075,Puka,Nacua,WR,0,0,0,11,46,1,0,79,990,3,2463
00-0039139,Jahmyr,Gibbs,RB,0,0,0,250,1412,16,0,52,497,3,2479
00-0039144,Luke,Musgrave,TE,0,0,0,0,0,0,0,7,45,0,2484
00-0039146,Jayden,Reed,WR,0,0,0,20,163,1,1,55,857,6,2486
00-0039150,Bryce,Young,QB,2403,15,9,43,249,6,1,0,0,0,2490
00-0039152,Will,Levis,QB,2091,13,12,45,183,0,5,0,0,0,2492
00-0039163,C.J.,Stroud,QB,3727,20,12,52,233,0,3,0,0,0,2497
00-0039164,Anthony,Richardson,QB,1814,8,12,86,499,6,6,1,-1,0,2498
00-0039165,Zach,Charbonnet,RB,0,0,0,135,569,8,0,42,308,1,2499
00-0039236,Johnny,Wilson,WR,0,0,0,0,0,0,0,5,38,1,2521
00-0039244,Chris,Collier,RB,0,0,0,5,12,0,0,1,-4,0,2527
00-0039299,George,Holani,RB,0,0,0,3,10,0,0,1,-1,0,2576
00-0039316,Baylor,Cupp,TE,0,0,0,0,0,0,0,0,0,0,2592
00-0039325,Carson,Steele,RB,0,0,0,56,183,0,3,7,26,0,2601
00-0039337,Malik,Nabers,WR,0,0,0,5,2,0,0,109,1204,7,2612
00-0039338,Brock,Bowers,TE,0,0,0,5,13,0,0,112,1194,5,2613
00-0039342,Xavier,Legette,WR,0,0,0,6,24,0,0,49,497,4,2617
00-0039344,Jonathon,Brooks,RB,0,0,0,9,22,0,0,3,23,0,2619
00-0039355,Luke,McCaffrey,WR,0,0,0,0,0,0,0,18,168,0,2630
00-0039356,Ja'Tavion,Sanders,TE,0,0,0,0,0,0,0,33,342,1,2631
00-0039359,Cade,Stover,TE,0,0,0,0,0,0,0,15,133,1,2634
00-0039361,Bucky,Irving,RB,0,0,0,207,1122,8,2,47,392,0,2636
00-0039363,Isaac,Guerendo,RB,0,0,0,84,420,4,0,15,152,0,2638
00-0039364,Sione,Vaki,RB,0,0,0,6,14,0,0,3,37,0,2639
00-0039365,Jacob,Cowing,WR,0,0,0,1,7,0,0,4,80,0,2640
00-0039373,Audric,Estime,RB,0,0,0,76,310,2,2,5,27,0,2648
00-0039376,Spencer,Rattler,QB,1317,4,5,18,146,0,1,0,0,0,2651
00-0039379,Jamari,Thrash,WR,0,0,0,0,0,0,0,3,22,0,2654
00-0039384,Tyrone,Tracy,RB,0,0,0,192,839,5,2,38,284,1,2659
00-0039386,Bub,Means,WR,0,0,0,0,0,0,0,9,118,1,2661
00-0039391,Kimani,Vidal,RB,0,0,0,43,155,0,1,5,62,1,2666
00-0039392,Jha'Quan,Jackson,WR,0,0,0,1,-5,0,0,1,8,0,2667
00-0039393,Jase,McClellan,RB,0,0,0,13,32,0,0,0,0,0,2668
00-0039394,Casey,Washington,WR,0,0,0,0,0,0,0,1,14,0,2669
00-0039398,Joe,Milton,QB,241,1,0,10,16,1,1,0,0,0,2673
00-0039407,Dylan,Laube,RB,0,0,0,1,0,0,1,0,0,0,2682
00-0039410,Ryan,Flournoy,WR,0,0,0,0,0,0,0,10,102,0,2685
00-0039420,Jaheim,Bell,TE,0,0,0,0,0,0,0,2,20,0,2695
00-0039424,Devaughn,Vele,WR,0,0,0,0,0,0,0,41,475,3,2699
00-0039451,Isaiah,Williams,WR,0,0,0,0,0,0,0,2,6,0,2726
00-0039458,Brenden,Bates,TE,0,0,0,0,0,0,0,0,0,0,2733
00-0039491,Jalen,Coker,WR,19,0,0,0,0,0,0,32,478,2,2766
00-0039521,Xavier,Weaver,WR,0,0,0,0,0,0,0,0,0,0,2795
00-0039530,Brevyn,Spann-Ford,TE,0,0,0,0,0,0,0,9,88,0,2804
00-0039543,Ramel,Keyton,WR,0,0,0,0,0,0,0,1,7,0,2817
00-0039573,Blake,Watson,RB,0,0,0,4,10,0,0,1,13,0,2844
00-0039589,Kameron,Johnson,WR,0,0,0,2,11,0,0,0,0,0,2860
00-0039603,British,Brooks,RB,0,0,0,1,2,0,0,0,0,0,2873
00-0039611,Matthew,Hayball,P,0,0,0,1,11,0,0,0,0,0,2881
00-0039613,Dallin,Holker,TE,0,0,0,0,0,0,0,3,21,0,2883
00-0039614,Jermaine,Jackson,WR,0,0,0,1,-1,0,0,0,0,0,2884
00-0039617,Jacob,Kibodi,RB,0,0,0,5,24,0,0,1,15,0,2887
00-0039623,Mason,Tipton,WR,0,0,0,0,0,0,0,14,99,0,2893
00-0039631,Cam,Grandy,TE,0,0,0,0,0,0,0,5,28,0,2901
00-0039648,David,Martin-Robinson,TE,0,0,0,0,0,0,0,1,6,0,2917
00-0039650,Bryce,Oliver,WR,0,0,0,0,0,0,0,6,95,0,2919
00-0039692,Dell,Pettus,FS,0,0,0,1,2,0,0,0,0,0,2961
00-0039703,Cody,Schrader,RB,0,0,0,1,3,0,0,1,6,0,2972
00-0039731,J.C.,Latham,T,0,0,0,0,0,0,0,1,0,0,2999
00-0039732,Bo,Nix,QB,3775,29,12,92,430,4,1,1,2,1,3000
00-0039737,Tip,Reiman,TE,0,0,0,0,0,0,0,6,37,0,3005
00-0039738,Blake,Corum,RB,0,0,0,58,207,0,0,7,58,0,3006
00-0039746,Will,Shipley,RB,0,0,0,30,82,0,0,4,35,0,3014
00-0039747,Ainias,Smith,WR,0,0,0,2,6,0,0,7,41,1,3015
00-0039751,Jordan,Whittington,WR,0,0,0,2,12,0,0,22,293,0,3019
00-0039754,Devin,Culp,TE,0,0,0,0,0,0,0,5,88,0,3022
00-0039757,Terrell,Jennings,RB,0,0,0,13,33,0,0,0,0,0,3024
00-0039792,Devontez,Walker,WR,0,0,0,0,0,0,0,1,21,1,3059
00-0039793,A.J.,Barner,TE,0,0,0,0,0,0,0,30,245,4,3060
00-0039794,Braelon,Allen,RB,0,0,0,92,334,2,0,19,148,1,3061
00-0039796,Rasheen,Ali,RB,0,0,0,10,31,0,0,0,0,0,3063
00-0039798,Isaiah,Davis,RB,0,0,0,30,174,1,0,9,75,1,3065
00-0039810,Jermaine,Burton,WR,0,0,0,0,0,0,0,4,107,0,3076
00-0039811,MarShawn,Lloyd,RB,0,0,0,6,15,0,0,1,3,0,3077
00-0039814,Erick,All,TE,0,0,0,0,0,0,0,20,158,0,3080
00-0039816,Anthony,Gould,WR,0,0,0,0,0,0,0,1,23,0,3082
00-0039824,Jared,Wiley,TE,0,0,0,0,0,0,0,1,7,0,3090
00-0039825,Jaden,Hicks,SS,0,0,0,1,1,0,0,0,0,0,3091
00-0039847,Theo,Johnson,TE,0,0,0,0,0,0,0,29,331,1,3112
00-0039849,Marvin,Harrison,WR,0,0,0,0,0,0,0,62,885,8,3114
00-0039851,Drake,Maye,QB,2276,15,10,54,421,2,4,0,0,0,3116
00-0039853,Javon,Baker,WR,0,0,0,0,0,0,0,1,12,0,3118
00-0039855,Jalen,McMillan,WR,0,0,0,4,43,0,0,37,461,8,3120
00-0039868,Troy,Franklin,WR,0,0,0,2,8,0,0,28,263,2,3132
00-0039874,Jaylen,Wright,RB,0,0,0,68,249,0,1,3,8,0,3137
00-0039875,Ray,Davis,RB,0,0,0,113,442,3,0,17,189,3,3138
00-0039880,Malik,Washington,WR,0,0,0,5,25,1,0,26,223,0,3143
00-0039890,Adonai,Mitchell,WR,24,0,0,4,6,0,1,23,312,0,3153
00-0039893,Brian,Thomas,WR,0,0,0,6,48,0,0,87,1282,10,3156
00-0039894,Xavier,Worthy,WR,0,0,0,20,104,3,0,59,638,6,3157
00-0039901,Keon,Coleman,WR,0,0,0,1,9,0,0,29,556,4,3164
00-0039907,Ja'Lynn,Polk,WR,0,0,0,1,0,0,0,12,87,2,3170
00-0039910,Jayden,Daniels,QB,3568,25,9,148,891,6,3,0,0,0,3173
00-0039912,Ben,Sinnott,TE,0,0,0,0,0,0,0,5,28,1,3175
00-0039915,Ladd,McConkey,WR,0,0,0,0,0,0,0,82,1149,7,3178
00-0039916,Ricky,Pearsall,WR,0,0,0,3,45,0,0,31,400,3,3179
00-0039917,Michael,Penix,QB,775,3,3,7,11,1,0,0,0,0,3180
00-0039918,Caleb,Williams,QB,3541,20,6,81,489,0,3,0,0,0,3181
00-0039919,Rome,Odunze,WR,0,0,0,3,15,0,0,54,734,3,3182
00-0039920,Malachi,Corley,WR,0,0,0,2,26,0,1,3,16,0,3183
00-0039921,Trey,Benson,RB,0,0,0,63,291,1,1,6,59,0,3184
